Airport Name,City,IATA Code,Country
Algiers,Houari Boumediene Airport,ALG,Algeria
Annaba,Rabah Bitat Airport,AAE,Algeria
Batna,Batna Airport,BLJ,Algeria
Béjaïa,Soummam Airport,BJA,Algeria
Chlef,Chlef International Airport,CFK,Algeria
Constantine,Mohamed Boudiaf International Airport,CZL,Algeria
Jijel,Jijel Ferhat Abbas Airport,GJL,Algeria
Oran,Oran Es Senia Airport,ORN,Algeria
Oumache,Biskra Airport,BSK,Algeria
Sétif,Ain Arnat Airport,QSF,Algeria
Tlemcen,Zenata – Messali El Hadj Airport,TLM,Algeria
Alexandria,Borg El Arab International Airport,HBE,Egypt
Alexandria,El Nouzha Airport (OPEN),ALY,Egypt
Asyut,Assiut Airport,ATZ,Egypt
Aswan,Aswan International Airport,ASW,Egypt
Cairo,Cairo International Airport,CAI,Egypt
Cairo,Sphinx International Airport,SPX,Egypt
El Arish,El Arish International Airport,AAC,Egypt
El Dabaa,El Alamein International Airport,DBB,Egypt
Hurghada,Hurghada International Airport,HRG,Egypt
Luxor,Luxor International Airport,LXR,Egypt
Marsa Alam,Marsa Alam International Airport,RMF,Egypt
Mersa Matruh,Mersa Matruh International Airport,MUH,Egypt
Saint Catherine,St. Catherine International Airport,SKV,Egypt
Sharm El Sheikh,Sharm El Sheikh International Airport,SSH,Egypt
Sohag,Sohag International Airport,HMB,Egypt
Taba,Taba International Airport,TCP,Egypt
Benghazi,Benina International Airport,BEN,Libya
Sabha,Sabha Airport,SEB,Libya
Tripoli,Tripoli International Airport,TIP,Libya
Tajoura,Mitiga International Airport,MJI,Libya
Agadir,Agadir–Al Massira Airport,AGA,Morocco
Casablanca,Mohammed V International Airport,CMN,Morocco
Fes,Fès–Saïs Airport,FEZ,Morocco
Marrakech,Marrakesh Menara Airport,RAK,Morocco
Nador,Nador International Airport,NDR,Morocco
Ouarzazate,Ouarzazate Airport,OZZ,Morocco
Oujda,Angads Airport,OUD,Morocco
Rabat,Rabat–Salé Airport,RBA,Morocco
Tangier,Tangier Ibn Battouta Airport,TNG,Morocco
Tetouan,Sania Ramel Airport,TTU,Morocco
Dakhla,Dakhla Airport,VIL,Morocco
Laayoune,Hassan I Airport,EUN,Morocco
Khartoum,Khartoum International Airport,KRT,Sudan
Port Sudan,Port Sudan New International Airport,PZU,Sudan
Djerba,Djerba–Zarzis International Airport,DJE,Tunisia
Enfidha,Enfidha–Hammamet International Airport,NBE,Tunisia
Monastir,Monastir Habib Bourguiba International Airport,MIR,Tunisia
Sfax,Sfax–Thyna International Airport,SFA,Tunisia
Tabarka,Tabarka–Aïn Draham International Airport,TBJ,Tunisia
Tozeur,Tozeur–Nefta International Airport,TOE,Tunisia
Tunis,Tunis–Carthage International Airport,TUN,Tunisia
Cotonou,Cadjehoun Airport,COO,Benin
Bobo-Dioulasso,Bobo Dioulasso Airport,BOY,Burkina Faso
Ouagadougou,Thomas Sankara International Airport Ouagadougou,OUA,Burkina Faso
Boa Vista,Aristides Pereira International Airport,BVC,Cape Verde
Sal Island,Amílcar Cabral International Airport,SID,Cape Verde
"Praia, Santiago Island",Nelson Mandela International Airport,RAI,Cape Verde
São Vicente,Cesária Évora Airport,VXE,Cape Verde
Abidjan,Félix-Houphouët-Boigny International Airport,ABJ,Côte d'Ivoire
Banjul,Banjul International Airport,BJL,The Gambia
Accra,Kotoka International Airport,ACC,Ghana
Kumasi,Kumasi International Airport,KMS,Ghana
Takoradi,Takoradi Airport,TKD,Ghana
Sunyani,Sunyani Airport,NYI,Ghana
Ho,Ho Airport,HZO,Ghana
Wa,Wa Airport,WZA,Ghana
Tamale,Tamale Airport,TML,Ghana
Conakry,Conakry International Airport,CKY,Guinea
Bissau,Osvaldo Vieira International Airport,OXB,Guinea-Bissau
Monrovia,Roberts International Airport,ROB,Liberia
Bamako,Modibo Keita International Airport,BKO,Mali
Nouakchott,Nouakchott–Oumtounsy International Airport,NKC,Mauritania
Nouadhibou,Nouadhibou International Airport,NDB,Mauritania
Atar,Atar International Airport,ATR,Mauritania
Niamey,Diori Hamani International Airport,NIM,Niger
Abuja,Nnamdi Azikiwe International Airport,ABV,Nigeria
Calabar,Margaret Ekpo International Airport,CBQ,Nigeria
"Asaba, Delta",Asaba International Airport,ABB,Nigeria
Kano,Mallam Aminu Kano International Airport,KAN,Nigeria
Lagos,Murtala Muhammed International Airport,LOS,Nigeria
Port Harcourt,Port Harcourt International Airport,PHC,Nigeria
Enugu,Akanu Ibiam International Airport,ENU,Nigeria
Sokoto,Sadiq Abubakar III International Airport,SKO,Nigeria
Saint Helena,Saint Helena Airport,HLE,"Saint Helena, Ascension and Tristan da Cunha"
Dakar,Blaise Diagne International Airport,DSS,Senegal
Freetown,Lungi International Airport,FNA,Sierra Leone
Lomé,Lomé–Tokoin International Airport,LFW,Togo
Luanda,Quatro de Fevereiro Airport,LAD,Angola
Lubango,Lubango Airport,SDD,Angola
Douala,Douala International Airport,DLA,Cameroon
Yaoundé,Yaoundé Nsimalen International Airport,NSI,Cameroon
Bangui,Bangui M'Poko International Airport,BGF,Central African Republic
N'Djamena,N'Djamena International Airport,NDJ,Chad
Goma,Goma International Airport,GOM,Democratic Republic of the Congo
Kinshasa,N'djili Airport,FIH,Democratic Republic of the Congo
Kisangani,Kisangani Bangoka International Airport,FKI,Democratic Republic of the Congo
Lubumbashi,Lubumbashi International Airport,FBM,Democratic Republic of the Congo
Brazzaville,Maya-Maya Airport,BZV,Republic of the Congo
Pointe-Noire,Agostinho-Neto International Airport,PNR,Republic of the Congo
Malabo,Malabo International Airport,SSG,Equatorial Guinea
Franceville,M'Vengue El Hadj Omar Bongo Ondimba International Airport,MVB,Gabon
Libreville,Léon-Mba International Airport,LBV,Gabon
Port-Gentil,Port-Gentil International Airport,POG,Gabon
São Tomé,São Tomé International Airport,TMS,São Tomé and Príncipe
Gaborone,Sir Seretse Khama International Airport,GBE,Botswana
Maun,Maun Airport,MUB,Botswana
Francistown,Francistown International Airport,FRW,Botswana
Kasane,Kasane Airport,BBK,Botswana
Manzini,King Mswati III International Airport,SHO,Eswatini
Maseru,Moshoeshoe I International Airport,MSU,Lesotho
Windhoek,Hosea Kutako International Airport,WDH,Namibia
Walvis Bay,Walvis Bay Airport,WVB,Namibia
Bloemfontein,Bram Fischer International Airport,BFN,South Africa
Cape Town,Cape Town International Airport,CPT,South Africa
Durban,King Shaka International Airport,DUR,South Africa
East London,East London Airport,ELS,South Africa
Johannesburg,O. R. Tambo International Airport,JNB,South Africa
Johannesburg,Lanseria International Airport,HLA,South Africa
Nelspruit,Kruger Mpumalanga International Airport,MQP,South Africa
Polokwane,Polokwane International Airport,PTG,South Africa
Bujumbura,Bujumbura International Airport,BJM,Burundi
Moroni,Prince Said Ibrahim International Airport,HAH,Comoros
Djibouti City,Djibouti–Ambouli International Airport,JIB,Djibouti
Asmara,Asmara International Airport,ASM,Eritrea
Addis Ababa,Addis Ababa Bole International Airport,ADD,Ethiopia
Dire Dawa,Dire Dawa Airport,DIR,Ethiopia
Eldoret,Eldoret International Airport,EDL,Kenya
Mombasa,Moi International Airport,MBA,Kenya
Kisumu,Kisumu International Airport,KIS,Kenya
Nairobi,Jomo Kenyatta International Airport,NBO,Kenya
Antananarivo,Ivato International Airport,TNR,Madagascar
Antsiranana,Arrachart Airport,DIE,Madagascar
Mahajanga,Amborovy Airport,MJN,Madagascar
Nosy Be,Fascene Airport,NOS,Madagascar
Toamasina,Toamasina Airport,TMM,Madagascar
Tôlanaro,Tôlanaro Airport,FTU,Madagascar
Toliara,Toliara Airport,TLE,Madagascar
Blantyre,Chileka International Airport,BLZ,Malawi
Lilongwe,Lilongwe International Airport,LLW,Malawi
Plaine Magnien,Sir Seewoosagur Ramgoolam International Airport,MRU,Mauritius
Dzaoudzi,Dzaoudzi–Pamandzi International Airport,DZA,Mayotte
Maputo,Maputo International Airport,MPM,Mozambique
Beira,Beira Airport,BEW,Mozambique
Inhambane,Inhambane Airport,INH,Mozambique
Nampula,Nampula Airport,APL,Mozambique
Pemba,Pemba Airport,POL,Mozambique
Tete,Chingozi Airport,TET,Mozambique
Vilankulo,Vilankulo Airport,VNX,Mozambique
Saint-Denis,Roland Garros Airport,RUN,Réunion
Kigali,Kigali International Airport,KGL,Rwanda
Victoria,Seychelles International Airport,SEZ,Seychelles
Bosaso,Bosaso Airport,BSA,Somalia
Galkayo,Abdullahi Yusuf Airport,GLK,Somalia
Garowe,Garowe Airport,GGR,Somalia
Hargeisa,Hargeisa Airport,HGA,Somalia
Kismayo,Kismayo Airport,KMU,Somalia
Mogadishu,Aden Adde International Airport,MGQ,Somalia
Juba,Juba International Airport,JUB,South Sudan
Malakal,Malakal Airport,MAK,South Sudan
Arusha,Arusha Airport,ARK,Tanzania
Dar es Salaam,Julius Nyerere International Airport,DAR,Tanzania
Hai District,Kilimanjaro International Airport,JRO,Tanzania
Mwanza,Mwanza Airport,MWZ,Tanzania
Tanga,Tanga Airport,TGT,Tanzania
"Unguja, Zanzibar",Abeid Amani Karume International Airport,ZNZ,Tanzania
Arua,Arua Airport,RUA,Uganda
Entebbe,Entebbe International Airport,EBB,Uganda
Gulu,Gulu Airport,ULU,Uganda
Livingstone,Harry Mwanga Nkumbula International Airport,LVI,Zambia
Lusaka,Kenneth Kaunda International Airport,LUN,Zambia
Mfuwe,Mfuwe Airport,MFU,Zambia
Ndola,Simon Mwansa Kapwepwe International Airport,NLA,Zambia
Harare,Robert Gabriel Mugabe International Airport,HRE,Zimbabwe
Victoria Falls,Victoria Falls Airport,VFA,Zimbabwe
Bulawayo,Joshua Mqabuko Nkomo International Airport,BUQ,Zimbabwe
The Valley,Clayton J. Lloyd International Airport,AXA,Anguilla
St. John’s,V. C. Bird International Airport,ANU,Antigua and Barbuda
Oranjestad,Queen Beatrix International Airport,AUA,Aruba
Nassau,Lynden Pindling International Airport,NAS,The Bahamas
Chub Cay,Chub Cay International Airport,CCZ,The Bahamas
Exuma,Exuma International Airport,GGT,The Bahamas
Freeport,Grand Bahama International Airport,FPO,The Bahamas
North Eleuthera,North Eleuthera Airport,ELH,The Bahamas
South Eleuthera,Rock Sound International Airport,RSD,The Bahamas
Marsh Harbour,Marsh Harbour International Airport,MHH,The Bahamas
Bridgetown,Grantley Adams International Airport,BGI,Barbados
Road Town,Terrance B. Lettsome International Airport,EIS,British Virgin Islands
"Kralendijk, Bonaire",Flamingo International Airport,BON,Caribbean Netherlands
"Oranjestad, Sint Eustatius",F. D. Roosevelt Airport,EUX,Caribbean Netherlands
"Flat Point, Saba",Juancho E. Yrausquin Airport,SAB,Caribbean Netherlands
Cayman Brac,Charles Kirkconnell International Airport,CYB,Cayman Islands
Georgetown,Owen Roberts International Airport,GCM,Cayman Islands
Camagüey,Ignacio Agramonte International Airport,CMW,Cuba
Cayo Coco,Jardines del Rey Airport,CCC,Cuba
Cayo Largo del Sur,Vilo Acuña Airport,CYO,Cuba
Cienfuegos,Jaime González Airport,CFG,Cuba
Havana,José Martí International Airport,HAV,Cuba
Holguín,Frank País Airport,HOG,Cuba
Santa Clara,Abel Santamaría Airport,SNU,Cuba
Santiago de Cuba,Antonio Maceo Airport,SCU,Cuba
Varadero,Juan Gualberto Gómez Airport,VRA,Cuba
Willemstad,Curaçao International Airport,CUR,Curaçao
Marigot,Douglas–Charles Airport,DOM,Dominica
Barahona,María Montez International Airport,BRX,Dominican Republic
La Romana,La Romana International Airport,LRM,Dominican Republic
Punta Cana,Punta Cana International Airport,PUJ,Dominican Republic
Samana,Samaná El Catey International Airport,AZS,Dominican Republic
San Felipe de Puerto Plata,Gregorio Luperón International Airport,POP,Dominican Republic
Santiago de los Caballeros,Cibao International Airport,STI,Dominican Republic
Santo Domingo,Las Américas International Airport,SDQ,Dominican Republic
Saint Georges,Maurice Bishop International Airport,GND,Grenada
Pointe-à-Pitre,Pointe-à-Pitre International Airport,PTP,Guadeloupe
Cap-Haïtien,Cap-Haïtien International Airport,CAP,Haiti
Port-au-Prince,Toussaint Louverture International Airport,PAP,Haiti
Kingston,Norman Manley International Airport,KIN,Jamaica
Montego Bay,Sangster International Airport,MBJ,Jamaica
Fort-de-France,Martinique Aimé Césaire International Airport,FDF,Martinique
Brades,John A. Osborne Airport,MNI,Montserrat
Aguadilla,Rafael Hernández Airport,BQN,Puerto Rico
San Juan,Luis Muñoz Marín International Airport,SJU,Puerto Rico
Saint Jean,Gustaf III Airport,SBH,Saint Barthélemy
Basseterre,Robert L. Bradshaw International Airport,SKB,Saint Kitts and Nevis
Vieux Fort Quarter,Hewanorra International Airport,UVF,Saint Lucia
Kingstown,Argyle International Airport,SVD,Saint Vincent and the Grenadines
Canouan,Canouan Airport,CIW,Saint Vincent and the Grenadines
Philipsburg,Princess Juliana International Airport,SXM,Sint Maarten
Port of Spain,Piarco International Airport,POS,Trinidad and Tobago
Tobago,A.N.R. Robinson International Airport,TAB,Trinidad and Tobago
Blue Hills,Providenciales Airport,PLS,Turks and Caicos Islands
Charlotte Amalie,Cyril E. King Airport,STT,U.S. Virgin Islands
Christiansted,Henry E. Rohlsen Airport,STX,U.S. Virgin Islands
Belize City,Philip S. W. Goldson International Airport,BZE,Belize
Liberia,Daniel Oduber Quirós International Airport,LIR,Costa Rica
San José,Juan Santamaría International Airport,SJO,Costa Rica
San Salvador,El Salvador International Airport,SAL,El Salvador
Flores,Mundo Maya International Airport,FRS,Guatemala
Guatemala City,La Aurora International Airport,GUA,Guatemala
La Ceiba,Golosón International Airport,LCE,Honduras
Roatán,Juan Manuel Gálvez International Airport,RTB,Honduras
San Pedro Sula,Ramón Villeda Morales International Airport,SAP,Honduras
Tegucigalpa,Toncontín International Airport,TGU,Honduras
Comayagua,Comayagua International Airport,XPL,Honduras
Managua,Augusto C. Sandino International Airport,MGA,Nicaragua
Bluefields,Bluefields Airport,BEF,Nicaragua
Corn Island,Corn Island Airport,RNI,Nicaragua
Bocas del Toro,"Bocas del Toro ""Isla Colón"" International Airport",BOC,Panama
"David, Chiriquí",Enrique Malek International Airport,DAV,Panama
Panama City,"Albrook ""Marcos A. Gelabert"" International Airport",PAC,Panama
Panama City,Panama Pacifico International Airport,BLB,Panama
Panama City,Tocumen International Airport,PTY,Panama
Rio Hato,Scarlett Martínez International Airport,RIH,Panama
Hamilton,L.F. Wade International Airport,BDA,Bermuda
Abbotsford,Abbotsford International Airport,YXX,Canada
Calgary,Calgary International Airport,YYC,Canada
Edmonton,Edmonton International Airport,YEG,Canada
Fredericton,Fredericton International Airport,YFC,Canada
Gander,Gander International Airport,YQX,Canada
Halifax (Goffs),Halifax Stanfield International Airport,YHZ,Canada
Hamilton,John C. Munro Hamilton International Airport,YHM,Canada
Kitchener,Region of Waterloo International Airport,YKF,Canada
London,London International Airport,YXU,Canada
Moncton (Dieppe),Greater Moncton Roméo LeBlanc International Airport,YQM,Canada
Montreal (Dorval),Montréal–Trudeau International Airport,YUL,Canada
Ottawa,Ottawa Macdonald–Cartier International Airport,YOW,Canada
Quebec City,Québec City Jean Lesage International Airport,YQB,Canada
Regina,Regina International Airport,YQR,Canada
St. John,Saint John Airport,YSJ,Canada
St. John's,St. John's International Airport,YYT,Canada
Thunder Bay,Thunder Bay International Airport,YQT,Canada
Toronto/Mississauga,Toronto Pearson International Airport,YYZ,Canada
Toronto,Billy Bishop Toronto City Airport,YTZ,Canada
Vancouver (Richmond),Vancouver International Airport,YVR,Canada
Victoria (Sidney),Victoria International Airport,YYJ,Canada
Whitehorse,Erik Nielsen Whitehorse International Airport,YXY,Canada
Windsor,Windsor International Airport,YQG,Canada
Winnipeg,Winnipeg James Armstrong Richardson International Airport,YWG,Canada
Kangerlussuaq,Kangerlussuaq Airport,SFJ,Greenland
Nuuk,Nuuk Airport,GOH,Greenland
Ilulissat,Ilulissat Airport,JAV,Greenland
Narsarsuaq,Narsarsuaq Airport,UAK,Greenland
Acapulco,Acapulco International Airport,ACA,Mexico
Aguascalientes,Aguascalientes International Airport,AGU,Mexico
Cancún,Cancún International Airport,CUN,Mexico
Chihuahua,Chihuahua International Airport,CUU,Mexico
Ciudad del Carmen,Ciudad del Carmen International Airport,CME,Mexico
Cozumel,Cozumel International Airport,CZM,Mexico
Culiacán,Culiacán International Airport,CUL,Mexico
Durango,Durango International Airport,DGO,Mexico
Guadalajara,Miguel Hidalgo y Costilla Guadalajara International Airport,GDL,Mexico
Hermosillo,Hermosillo International Airport,HMO,Mexico
Huatulco,Bahías de Huatulco International Airport,HUX,Mexico
Ixtapa,Ixtapa-Zihuatanejo International Airport,ZIH,Mexico
León,Bajío International Airport,BJX,Mexico
Loreto,Loreto International Airport,LTO,Mexico
Los Cabos,Los Cabos International Airport,SJD,Mexico
Manzanillo,Playa de Oro International Airport,ZLO,Mexico
Mazatlán,Mazatlán International Airport,MZT,Mexico
Mérida,Mérida International Airport,MID,Mexico
Mexicali,Mexicali International Airport,MXL,Mexico
Mexico City,Mexico City International Airport,MEX,Mexico
Mexico City,Felipe Ángeles International Airport,NLU,Mexico
Monterrey,Monterrey International Airport,MTY,Mexico
Morelia,General Francisco Mujica International Airport,MLM,Mexico
Oaxaca City,Oaxaca International Airport,OAX,Mexico
Puebla,Puebla International Airport,PBC,Mexico
Puerto Escondido,Puerto Escondido International Airport,PXM,Mexico
Puerto Vallarta,Licenciado Gustavo Díaz Ordaz International Airport,PVR,Mexico
Querétaro City,Querétaro Intercontinental Airport,QRO,Mexico
Reynosa,General Lucio Blanco International Airport,REX,Mexico
Saltillo,Saltillo Airport,SLW,Mexico
San Luis Potosí,San Luis Potosí International Airport,SLP,Mexico
Tampico,Tampico International Airport,TAM,Mexico
Tijuana,Tijuana International Airport,TIJ,Mexico
Toluca,Toluca International Airport,TLC,Mexico
Torreón,Torreón International Airport,TRC,Mexico
Tulum,Tulum International Airport,TQO,Mexico
Tuxtla Gutiérrez,Tuxtla Gutiérrez International Airport,TGZ,Mexico
Uruapan,Uruapan International Airport,UPN,Mexico
Veracruz,Veracruz International Airport,VER,Mexico
Villahermosa,Villahermosa International Airport,VSA,Mexico
Zacatecas City,Zacatecas International Airport,ZCL,Mexico
Saint-Pierre,Saint-Pierre Airport,FSP,Saint Pierre and Miquelon
Akron,Akron Executive Airport,AKC,United States
Albany,Albany International Airport,ALB,United States
Albuquerque,Albuquerque International Sunport,ABQ,United States
Anchorage,Anchorage International Airport,ANC,United States
Appleton,Appleton International Airport,ATW,United States
Atlanta,Hartsfield–Jackson Atlanta International Airport,ATL,United States
Atlantic City,Atlantic City International Airport,ACY,United States
Austin (TX),Austin–Bergstrom International Airport,AUS,United States
Baltimore,Baltimore/Washington International Airport,BWI,United States
Bangor,Bangor International Airport,BGR,United States
Baudette,Baudette International Airport,BDE,United States
Bellingham,Bellingham International Airport,BLI,United States
Birmingham,Birmingham–Shuttlesworth International Airport,BHM,United States
Boise,Boise Airport,BOI,United States
Boston,Logan International Airport,BOS,United States
Brownsville,Brownsville South Padre Island International Airport,BRO,United States
Buffalo,Buffalo Niagara International Airport,BUF,United States
Calexico,Calexico International Airport,CXL,United States
Charlotte,Charlotte Douglas International Airport,CLT,United States
Charleston (SC),Charleston International Airport,CHS,United States
Chicago,Midway International Airport,MDW,United States
Chicago,O'Hare International Airport,ORD,United States
Cincinnati (OH) (Hebron),Cincinnati/Northern Kentucky International Airport,CVG,United States
Cleveland,Cleveland Hopkins International Airport,CLE,United States
Columbia (SC),Columbia Metropolitan Airport,CAE,United States
Columbus (OH),John Glenn Columbus International Airport,CMH,United States
Columbus (OH),Rickenbacker International Airport,LCK,United States
Corpus Christi,Corpus Christi International Airport,CRP,United States
Dallas/Fort Worth,Dallas/Fort Worth International Airport,DFW,United States
Dayton (OH),Dayton International Airport,DAY,United States
Denver,Denver International Airport,DEN,United States
Des Moines (IA),Des Moines International Airport,DSM,United States
Detroit,Detroit Metropolitan Airport,DTW,United States
Duluth,Duluth International Airport,DLH,United States
El Paso,El Paso International Airport,ELP,United States
Erie,Erie International Airport,ERI,United States
Fairbanks,Fairbanks International Airport,FAI,United States
International Falls,Falls International Airport,INL,United States
Fort Lauderdale,Fort Lauderdale–Hollywood International Airport,FLL,United States
Fort Myers,Southwest Florida International Airport,RSW,United States
Fresno,Fresno Yosemite International Airport,FAT,United States
Gary,Gary/Chicago International Airport,GYY,United States
Grand Rapids,Gerald R. Ford International Airport,GRR,United States
Green Bay,Green Bay–Austin Straubel International Airport,GRB,United States
Greensboro,Piedmont Triad International Airport,GSO,United States
Gulfport,Gulfport-Biloxi International Airport,GPT,United States
Harrisburg,Harrisburg International Airport,MDT,United States
Hartford (CT),Bradley International Airport,BDL,United States
Hilo,Hilo International Airport,ITO,United States
Honolulu,Daniel K. Inouye International Airport,HNL,United States
Houston,George Bush Intercontinental Airport,IAH,United States
Houston,William P. Hobby Airport,HOU,United States
Huntsville (AL),Huntsville International Airport,HSV,United States
Indianapolis,Indianapolis International Airport,IND,United States
Jackson (MS),Jackson–Medgar Wiley Evers International Airport,JAN,United States
Jacksonville,Jacksonville International Airport,JAX,United States
Juneau,Juneau International Airport,JNU,United States
Kailua-Kona,Kona International Airport,KOA,United States
Kansas City (MO),Kansas City International Airport,MCI,United States
Ketchikan,Ketchikan International Airport,KTN,United States
Key West,Key West International Airport,EYW,United States
Kissimmee,Kissimmee Gateway Airport,ISM,United States
Knoxville,McGhee Tyson Airport,TYS,United States
Lakeland,Lakeland Linder International Airport,LAL,United States
Lansing,Capital Region International Airport,LAN,United States
Las Vegas,Harry Reid International Airport,LAS,United States
Little Rock,Bill and Hillary Clinton National Airport,LIT,United States
Los Angeles,Los Angeles International Airport,LAX,United States
Louisville,Louisville International Airport,SDF,United States
Lubbock,Lubbock Preston Smith International Airport,LBB,United States
Madison (WI),Dane County Regional Airport,MSN,United States
Melbourne (FL),Melbourne Orlando International Airport,MLB,United States
Memphis,Memphis International Airport,MEM,United States
Miami,Miami International Airport,MIA,United States
Midland,Midland International Air and Space Port,MAF,United States
Milwaukee,General Mitchell International Airport,MKE,United States
Minneapolis/St. Paul,Minneapolis–Saint Paul International Airport,MSP,United States
Myrtle Beach,Myrtle Beach International Airport,MYR,United States
Nashville,Nashville International Airport,BNA,United States
New Orleans,Louis Armstrong New Orleans International Airport,MSY,United States
New York City (Queens),John F. Kennedy International Airport,JFK,United States
New York City (Queens),LaGuardia Airport,LGA,United States
Newark,Newark Liberty International Airport,EWR,United States
Newburgh,Stewart International Airport,SWF,United States
Newport News,Newport News/Williamsburg International Airport,PHF,United States
Niagara Falls,Niagara Falls International Airport,IAG,United States
Norfolk (VA),Norfolk International Airport,ORF,United States
Oakland,Oakland International Airport,OAK,United States
Oklahoma City,Will Rogers World Airport,OKC,United States
Omaha,Eppley Airfield,OMA,United States
Ontario,Ontario International Airport,ONT,United States
Orange County (CA),John Wayne Airport,SNA,United States
Orlando,Orlando International Airport,MCO,United States
Palm Springs,Palm Springs International Airport,PSP,United States
Panama City (FL),Northwest Florida Beaches International Airport,ECP,United States
Pensacola,Pensacola International Airport,PNS,United States
Philadelphia,Philadelphia International Airport,PHL,United States
Phoenix,Phoenix Sky Harbor International Airport,PHX,United States
Phoenix/Mesa,Phoenix–Mesa Gateway Airport,AZA,United States
Pittsburgh,Pittsburgh International Airport,PIT,United States
"Plainfield, Wisconsin",Plainfield International Airport,5WI2,United States
Portland (ME),Portland International Jetport,PWM,United States
Portland (OR),Portland International Airport,PDX,United States
Providence (Warwick),Rhode Island T. F. Green International Airport,PVD,United States
Racine,Batten International Airport,RAC,United States
Raleigh,Raleigh–Durham International Airport,RDU,United States
Reno,Reno–Tahoe International Airport,RNO,United States
Richmond (VA) (Sandston),Richmond International Airport,RIC,United States
Rochester (MN),Rochester International Airport,RST,United States
Rochester (NY),Greater Rochester International Airport,ROC,United States
Rockford (IL),Chicago Rockford International Airport,RFD,United States
Sacramento,Sacramento International Airport,SMF,United States
Salt Lake City,Salt Lake City International Airport,SLC,United States
San Antonio,San Antonio International Airport,SAT,United States
San Bernardino,San Bernardino International Airport,SBD,United States
San Diego,San Diego International Airport,SAN,United States
San Francisco,San Francisco International Airport,SFO,United States
San Jose (CA),San Jose International Airport,SJC,United States
Sanford (FL),Orlando Sanford International Airport,SFB,United States
Sarasota/Bradenton,Sarasota–Bradenton International Airport,SRQ,United States
Savannah (GA),Savannah/Hilton Head International Airport,SAV,United States
Seattle,Kenmore Air Harbor Seaplane Base,LKE,United States
Seattle,King County International Airport,BFI,United States
Seattle,Seattle–Tacoma International Airport,SEA,United States
Sheboygan,Sheboygan County Memorial Airport,SBM,United States
Everett (WA),Paine Field,PAE,United States
Spokane,Spokane International Airport,GEG,United States
St. Louis,St. Louis Lambert International Airport,STL,United States
St. Petersburg (FL),St. Pete–Clearwater International Airport,PIE,United States
Syracuse,Syracuse Hancock International Airport,SYR,United States
Tallahassee,Tallahassee International Airport,TLH,United States
Tampa,Tampa International Airport,TPA,United States
Tucson,Tucson International Airport,TUS,United States
Tulsa,Tulsa International Airport,TUL,United States
"Washington, D.C.",Ronald Reagan Washington National Airport**,DCA,United States
"Washington, D.C.",Dulles International Airport,IAD,United States
West Palm Beach,Palm Beach International Airport,PBI,United States
Scranton,Wilkes-Barre/Scranton International Airport,AVP,United States
Wilmington (NC),Wilmington International Airport,ILM,United States
Buenos Aires,Ministro Pistarini International Airport,EZE,Argentina
Buenos Aires,Aeroparque Jorge Newbery,AEP,Argentina
Bariloche,San Carlos de Bariloche Airport,BRC,Argentina
Comodoro Rivadavia,General Enrique Mosconi International Airport,CRD,Argentina
Córdoba,Ingeniero Aeronáutico Ambrosio L.V. Taravella International Airport,COR,Argentina
Corrientes,Doctor Fernando Piragine Niveyro International Airport,CNQ,Argentina
El Calafate,Comandante Armando Tola International Airport,FTE,Argentina
El Palomar,El Palomar Airport,EPA,Argentina
Esquel,Brigadier General Antonio Parodi International Airport,EQS,Argentina
Formosa,Formosa International Airport,FMA,Argentina
Mar del Plata,Ástor Piazzolla International Airport,MDQ,Argentina
Mendoza,Governor Francisco Gabrielli International Airport,MDZ,Argentina
Neuquén,Presidente Perón International Airport,NQN,Argentina
Posadas,Libertador General José de San Martín Airport,PSS,Argentina
Puerto Iguazú,Cataratas del Iguazú International Airport,IGR,Argentina
Resistencia,Resistencia International Airport,RES,Argentina
Río Gallegos,Piloto Civil Norberto Fernández International Airport,RGL,Argentina
Río Grande,Hermes Quijada International Airport,RGA,Argentina
Rosario,Rosario – Islas Malvinas International Airport,ROS,Argentina
Salta,Martín Miguel de Güemes International Airport,SLA,Argentina
San Miguel de Tucumán,Teniente Benjamín Matienzo International Airport,TUC,Argentina
San Salvador de Jujuy,Gobernador Horacio Guzmán International Airport,JUJ,Argentina
Santa Rosa del Conlara,Valle del Conlara Airport,RLO,Argentina
Termas de Río Hondo,Termas de Río Hondo International Airport,RHD,Argentina
Trelew,Almirante Marcos A. Zar Airport,REL,Argentina
Ushuaia,Ushuaia – Malvinas Argentinas International Airport,USH,Argentina
La Paz,El Alto International Airport,LPB,Bolivia
Santa Cruz de la Sierra,Viru Viru International Airport,VVI,Bolivia
Cochabamba,Jorge Wilstermann International Airport,CBB,Bolivia
Aracaju,Santa Maria Airport,AJU,Brazil
Belém,Val de Cães International Airport,BEL,Brazil
Belo Horizonte,Tancredo Neves International Airport,CNF,Brazil
Boa Vista,Boa Vista International Airport,BVB,Brazil
Brasília,Brasília International Airport,BSB,Brazil
Campinas,Viracopos International Airport,VCP,Brazil
Campo Grande,Campo Grande International Airport,CGR,Brazil
Cuiabá,Marechal Rondon International Airport,CGB,Brazil
Curitiba,Afonso Pena International Airport,CWB,Brazil
Florianópolis,Hercílio Luz International Airport,FLN,Brazil
Fortaleza,Pinto Martins International Airport,FOR,Brazil
Foz do Iguaçu,Foz do Iguaçu International Airport,IGU,Brazil
Goiânia,Santa Genoveva Airport,GYN,Brazil
João Pessoa,Presidente Castro Pinto International Airport,JPA,Brazil
Maceió,Zumbi dos Palmares International Airport,MCZ,Brazil
Manaus,Eduardo Gomes International Airport,MAO,Brazil
Natal,Greater Natal International Airport,NAT,Brazil
Petrolina,Petrolina Airport,PNZ,Brazil
Porto Alegre,Salgado Filho Porto Alegre International Airport,POA,Brazil
Porto Velho,Governador Jorge Teixeira de Oliveira International Airport,PVH,Brazil
Recife,Guararapes International Airport,REC,Brazil
Rio Branco,Rio Branco International Airport,RBR,Brazil
Rio de Janeiro,Rio de Janeiro/Galeão International Airport,GIG,Brazil
Rio de Janeiro,Santos Dumont Airport,SDU,Brazil
Salvador,Deputado Luís Eduardo Magalhães International Airport,SSA,Brazil
São Luís,Marechal Cunha Machado International Airport,SLZ,Brazil
São Paulo,São Paulo–Congonhas Airport,CGH,Brazil
São Paulo,São Paulo/Guarulhos International Airport,GRU,Brazil
Teresina,Teresina Airport,THE,Brazil
Uberlândia,Uberlândia Airport,UDI,Brazil
Vitória,Eurico de Aguiar Salles Airport,VIX,Brazil
Antofagasta,Andrés Sabella Gálvez International Airport,ANF,Chile
Concepción,Carriel Sur International Airport,CCP,Chile
Puerto Montt,El Tepual International Airport,PMC,Chile
Punta Arenas,Presidente Carlos Ibáñez del Campo International Airport,PUQ,Chile
Santiago,Arturo Merino Benítez International Airport,SCL,Chile
Armenia,El Edén International Airport,AXM,Colombia
Barranquilla,Ernesto Cortissoz International Airport,BAQ,Colombia
Bogotá,El Dorado International Airport,BOG,Colombia
Bucaramanga,Palonegro International Airport,BGA,Colombia
Buenaventura,Gerardo Tobar López Airport,BUN,Colombia
Cali,Alfonso Bonilla Aragón International Airport,CLO,Colombia
Cartagena,Rafael Núñez International Airport,CTG,Colombia
Cúcuta,Camilo Daza International Airport,CUC,Colombia
Ibagué,Perales Airport,IBE,Colombia
Ipiales,San Luis Airport,IPI,Colombia
Florencia,Gustavo Artunduaga Paredes Airport,FLA,Colombia
Leticia,Alfredo Vásquez Cobo International Airport,LET,Colombia
Maicao,Jorge Isaacs Airport,MCJ,Colombia
Manizales,La Nubia Airport,MZL,Colombia
Medellín,José María Córdova International Airport,MDE,Colombia
Mitú,Fabio Alberto León Bentley Airport,MVP,Colombia
Montería,Los Garzones Airport,MTR,Colombia
Neiva,Benito Salas Airport,NVA,Colombia
Pasto,Antonio Nariño Airport,PSO,Colombia
Pereira,Matecaña International Airport,PEI,Colombia
Popayán,Guillermo León Valencia Airport,PPN,Colombia
Providence Island,El Embrujo Airport,PVA,Colombia
Quibdó,El Caraño Airport,UIB,Colombia
Riohacha,Almirante Padilla Airport,RCH,Colombia
San Andrés,Gustavo Rojas Pinilla International Airport,ADZ,Colombia
Tolú,Golfo de Morrosquillo Airport,TLU,Colombia
Tumaco,La Florida Airport,TCO,Colombia
Santa Marta,Simón Bolívar International Airport,SMR,Colombia
Sincelejo,Las Brujas Airport,CZU,Colombia
Valledupar,Alfonso López Pumarejo Airport,VUP,Colombia
Villavicencio,La Vanguardia Airport,VVC,Colombia
Yopal,El Alcaraván Airport,EYP,Colombia
Cuenca,Mariscal Lamar International Airport,CUE,Ecuador
Esmeraldas,Carlos Concha Torres International Airport,ESM,Ecuador
Guayaquil,José Joaquín de Olmedo International Airport,GYE,Ecuador
Machala,Santa Rosa International Airport,ETR,Ecuador
Manta,Eloy Alfaro International Airport,MEC,Ecuador
Quito,Mariscal Sucre International Airport,UIO,Ecuador
Tulcán,Teniente Coronel Luis a Mantilla International Airport,TUA,Ecuador
Mount Pleasant,RAF Mount Pleasant,MPN,Falkland Islands
Cayenne,Cayenne – Félix Eboué Airport,CAY,French Guiana
Georgetown,Cheddi Jagan International Airport,GEO,Guyana
Asunción,Silvio Pettirossi International Airport,ASU,Paraguay
Ciudad del Este,Guaraní International Airport,AGT,Paraguay
Arequipa,Rodríguez Ballón International Airport,AQP,Peru
Chiclayo,José Quiñones González International Airport,CIX,Peru
Cusco,Alejandro Velasco Astete International Airport,CUZ,Peru
Lima,Jorge Chávez International Airport,LIM,Peru
Trujillo,Carlos Martínez de Pinillos International Airport,TRU,Peru
Paramaribo,Johan Adolf Pengel International Airport,PBM,Suriname
Montevideo,Carrasco International Airport,MVD,Uruguay
Punta del Este,Capitán de Corbeta Carlos A. Curbelo International Airport,PDP,Uruguay
Rivera,Rivera International Airport,RVY,Uruguay
Caracas,Simón Bolívar International Airport,CCS,Venezuela
Maracaibo,La Chinita International Airport,MAR,Venezuela
Valencia,Arturo Michelena International Airport,VLN,Venezuela
Aktau,Aktau Airport,SCO,Kazakhstan
Aktobe,Aktobe International Airport,AKX,Kazakhstan
Almaty,Almaty International Airport,ALA,Kazakhstan
Atyrau,Atyrau Airport,GUW,Kazakhstan
Karaganda,Karaganda Airport,KGF,Kazakhstan
Kokshetau,Kokshetau Airport,KOV,Kazakhstan
Kostanay,Kostanay Airport,KSN,Kazakhstan
Kyzylorda,Kyzylorda Airport,KZO,Kazakhstan
Astana,Nursultan Nazarbayev International Airport,NQZ,Kazakhstan
Oral,Oral Ak Zhol Airport,URA,Kazakhstan
Oskemen,Oskemen Airport,UKK,Kazakhstan
Pavlodar,Pavlodar Airport,PWQ,Kazakhstan
Petropavl,Petropavl Airport,PPK,Kazakhstan
Semey,Semey Airport,PLX,Kazakhstan
Shymkent,Shymkent Airport,CIT,Kazakhstan
Taraz,Taraz Airport,DMB,Kazakhstan
Bishkek,Manas International Airport,FRU,Kyrgyzstan
Issyk-Kul,Issyk-Kul International Airport,IKU,Kyrgyzstan
Karakol,Karakol International Airport,IKG,Kyrgyzstan
Osh,Osh Airport,OSS,Kyrgyzstan
Bokhtar,Bokhtar International Airport,KQT,Tajikistan
Dushanbe,Dushanbe Airport,DYU,Tajikistan
Khujand,Khujand Airport,LBD,Tajikistan
Kulob,Kulob Airport,TJU,Tajikistan
Ashgabat,Ashgabat Airport,ASB,Turkmenistan
Daşoguz,Daşoguz Airport,TAZ,Turkmenistan
Mary,Mary International Airport,MYP,Turkmenistan
Turkmenbashi,Turkmenbashi International Airport,KRW,Turkmenistan
Türkmenabat,Turkmenabat International Airport,CRZ,Turkmenistan
Andijan,Andizhan Airport,AZN,Uzbekistan
Bukhara,Bukhara International Airport,BHK,Uzbekistan
Fergana,Fergana International Airport,FEG,Uzbekistan
Qarshi,Karshi Airport,KSQ,Uzbekistan
Namangan,Namangan Airport,NMA,Uzbekistan
Navoiy,Navoiy International Airport,NVI,Uzbekistan
Nukus,Nukus Airport,NCU,Uzbekistan
Samarkand,Samarkand International Airport,SKD,Uzbekistan
Tashkent,Islam Karimov Tashkent International Airport,TAS,Uzbekistan
Termez,Termez Airport,TMJ,Uzbekistan
Urgench,Urgench International Airport,UGC,Uzbekistan
Pyongyang,Pyongyang International Airport,FNJ,North Korea
Akita,Akita Airport,AXT,Japan
Aomori,Aomori Airport,AOJ,Japan
Fukuoka,Fukuoka Airport,FUK,Japan
Hakodate,Hakodate Airport,HKD,Japan
Kagoshima,Kagoshima Airport,KOJ,Japan
Komatsu,Komatsu Airport,KMQ,Japan
Hiroshima,Hiroshima Airport,HIJ,Japan
Kitakyushu,Kitakyushu Airport,KKJ,Japan
Nagasaki,Nagasaki Airport,NGS,Japan
Naha,Naha Airport,OKA,Japan
Nagoya,Chubu Centrair International Airport,NGO,Japan
Niigata,Niigata Airport,KIJ,Japan
Ōita,Oita Airport,OIT,Japan
Okayama,Okayama Airport,OKJ,Japan
Osaka,Kansai International Airport,KIX,Japan
Sapporo,New Chitose Airport,CTS,Japan
Sendai,Sendai Airport,SDJ,Japan
Shizuoka,Shizuoka Airport,FSZ,Japan
Tokyo,Haneda Airport,HND,Japan
Tokyo,Narita International Airport,NRT,Japan
Ulaanbaatar,Chinggis Khaan International Airport,UBN,Mongolia
Baotou,Baotou Donghe Airport,BAV,China
Beihai,Beihai Fucheng Airport,BHY,China
Beijing,Beijing Capital International Airport,PEK,China
Beijing,Beijing Daxing International Airport,PKX,China
Changchun,Changchun Longjia International Airport,CGQ,China
Changsha,Changsha Huanghua International Airport,CSX,China
Changzhou,Changzhou Benniu International Airport,CZX,China
Chengdu,Chengdu Shuangliu International Airport,CTU,China
Chengdu,Chengdu Tianfu International Airport,TFU,China
Chongqing,Chongqing Jiangbei International Airport,CKG,China
Dalian,Dalian Zhoushuizi International Airport,DLC,China
Dandong,Dandong Langtou Airport,DDG,China
Datong,Datong Yungang Airport,DAT,China
Dunhuang,Dunhuang Mogao International Airport,DNH,China
Enshi City,Enshi Xujiaping Airport,ENH,China
Fuzhou,Fuzhou Changle International Airport,FOC,China
Ganzhou,Ganzhou Huangjin Airport,KOW,China
Guangzhou,Guangzhou Baiyun International Airport,CAN,China
Guilin,Guilin Liangjiang International Airport,KWL,China
Guiyang,Guiyang Longdongbao International Airport,KWE,China
Haikou,Haikou Meilan International Airport,HAK,China
Hangzhou,Hangzhou Xiaoshan International Airport,HGH,China
Harbin,Harbin Taiping International Airport,HRB,China
Hefei,Hefei Xinqiao International Airport,HFE,China
Heihe,Heihe Aihui Airport,HEK,China
Hohhot,Hohhot Baita International Airport,HET,China
Huai'an,Huai'an Lianshui International Airport,HIA,China
Huangshan City,Huangshan Tunxi International Airport,TXN,China
Hulunbuir,Hulunbuir Hailar Airport,HLD,China
Jiamusi,Jiamusi Dongjiao Airport,JMU,China
Jieyang,Jieyang Chaoshan International Airport,SWA,China
Jinan,Jinan Yaoqiang International Airport,TNA,China
Kunming,Kunming Changshui International Airport,KMG,China
Lanzhou,Lanzhou Zhongchuan International Airport,LHW,China
Lhasa,Lhasa Gonggar Airport,LXA,China
Lianyungang,Lianyungang Baitabu Airport,LYG,China
Lijiang,Lijiang Sanyi International Airport,LJG,China
Linyi,Linyi Qiyang Airport,LYI,China
Luoyang,Luoyang Beijiao Airport,LYA,China
Mangshi,Dehong Mangshi Airport,LUM,China
Manzhouli,Manzhouli Xijiao Airport,NZH,China
Meizhou,Meixian Airport,MXZ,China
Mudanjiang,Mudanjiang Hailang International Airport,MDG,China
Nanchang,Nanchang Changbei International Airport,KHN,China
Nanjing,Nanjing Lukou International Airport,NKG,China
Nanning,Nanning Wuxu International Airport,NNG,China
Nantong,Nantong Xingdong International Airport,NTG,China
Ningbo,Ningbo Lishe International Airport,NGB,China
Ordos City,Ordos Ejin Horo International Airport,DSN,China
Qingdao,Qingdao Jiaodong International Airport,TAO,China
Qinhuangdao,Qinhuangdao Beidaihe Airport,BPE,China
Qiqihar,Qiqihar Sanjiazi Airport,NDG,China
Quanzhou,Quanzhou Jinjiang International Airport,JJN,China
Sanya,Sanya Phoenix International Airport,SYX,China
Shanghai,Shanghai Hongqiao International Airport,SHA,China
Shanghai,Shanghai Pudong International Airport,PVG,China
Shenyang,Shenyang Taoxian International Airport,SHE,China
Shenzhen,Shenzhen Bao'an International Airport,SZX,China
Shijiazhuang,Shijiazhuang Zhengding International Airport,SJW,China
Taiyuan,Taiyuan Wusu International Airport,TYN,China
Tianjin,Tianjin Binhai International Airport,TSN,China
Ulanqab,Ulanqab Jining Airport,UCB,China
Ürümqi,Ürümqi Diwopu International Airport,URC,China
Wanzhou,Wanzhou Wuqiao Airport,WXN,China
Weihai,Weihai Dashuibo Airport,WEH,China
Wenzhou,Wenzhou Yongqiang Airport,WNZ,China
Wuhan,Wuhan Tianhe International Airport,WUH,China
Wuxi,Sunan Shuofang International Airport,WUX,China
Wuyishan,Wuyishan Airport,WUS,China
Xiamen,Xiamen Gaoqi International Airport,XMN,China
Xi'an,Xi'an Xianyang International Airport,XIY,China
Xining,Xining Caojiabao International Airport,XNN,China
Xinzhou,Xinzhou Wutaishan Airport,WUT,China
Xishuangbanna,Xishuangbanna Gasa International Airport,JHG,China
Xuzhou,Xuzhou Guanyin Airport,XUZ,China
Yancheng,Yancheng Nanyang Airport,YNZ,China
Yangzhou,Yangzhou Taizhou International Airport,YTY,China
Yanji,Yanji Airport,YNJ,China
Yantai,Yantai Penglai International Airport,YNT,China
Yichang,Yichang Sanxia Airport,YIH,China
Yinchuan,Yinchuan Hedong International Airport,INC,China
Yiwu,Yiwu Airport,YIW,China
Yuncheng,Yuncheng Guangong Airport,YCU,China
Zhangjiajie,Zhangjiajie Hehua Airport,DYG,China
Zhanjiang,Zhanjiang Wuchuan Airport,ZHA,China
Zhengzhou,Zhengzhou Xinzheng International Airport,CGO,China
Zhuhai,Zhuhai Jinwan Airport,ZUH,China
Zunyi,Zunyi Xinzhou Airport,ZYI,China
"Chek Lap Kok, New Territories",Hong Kong International Airport,HKG,Hong Kong
"Taipa, Macau",Macau International Airport,MFM,Macau
Hualien City,Hualien Airport,HUN,Taiwan
Kaohsiung,Kaohsiung International Airport,KHH,Taiwan
Taichung,Taichung International Airport,RMQ,Taiwan
Tainan,Tainan Airport,TNN,Taiwan
Taipei,Taipei Songshan Airport,TSA,Taiwan
Taipei,Taoyuan International Airport,TPE,Taiwan
Busan,Gimhae International Airport,PUS,South Korea
Daegu,Daegu International Airport,TAE,South Korea
Jeju,Jeju International Airport,CJU,South Korea
Seoul,Gimpo International Airport,GMP,South Korea
Seoul,Incheon International Airport,ICN,South Korea
Cheongju,Cheongju International Airport,CJJ,South Korea
Muan,Muan International Airport,MWX,South Korea
Yangyang,Yangyang International Airport,YNY,South Korea
Chittagong,Shah Amanat International Airport,CGP,Bangladesh
Dhaka,Hazrat Shahjalal International Airport,DAC,Bangladesh
Sylhet,Osmani International Airport,ZYL,Bangladesh
Barishal,Barisal Airport,BZL,Bangladesh
Cox's Bazar,Cox's Bazar International Airport,CXB,Bangladesh
Khulna,Khan Jahan Ali Airport,KLN,Bangladesh
Rajshahi,Shah Makhdum Airport,RJH,Bangladesh
Rangpur,Saidpur Airport,SPD,Bangladesh
Paro,Paro International Airport,PBH,Bhutan
Agartala,Maharaja Bir Bikram Airport,IXA,India
Ahmedabad,Sardar Vallabhbhai Patel International Airport,AMD,India
Amritsar,Sri Guru Ram Das Ji International Airport,ATQ,India
Ayodhya,"Maharishi Valmiki International Airport, Ayodhya Dham",AYJ,India
Bengaluru,Kempegowda International Airport,BLR,India
Bhopal,Raja Bhoj Airport,BHO,India
Bhubaneswar,Biju Patnaik International Airport,BBI,India
Chennai,Chennai International Airport,MAA,India
Coimbatore,Coimbatore International Airport,CJB,India
Delhi NCR,Indira Gandhi International Airport,DEL,India
Noida (Delhi NCR),Noida International Airport,JWR,India
Gaya,Gaya Airport,GAY,India
North Goa,Manohar International Airport,GOX,India
South Goa,Dabolim Airport,GOI,India
Guwahati,Lokpriya Gopinath Bordoloi International Airport,GAU,India
Hyderabad,Rajiv Gandhi International Airport,HYD,India
Imphal,Imphal Airport,IMF,India
Indore,Devi Ahilya Bai Holkar Airport,IDR,India
Jaipur,Jaipur International Airport,JAI,India
Jammu,Jammu Airport,IXJ,India
Kannur,Kannur International Airport,CNN,India
Kochi,Cochin International Airport,COK,India
Kolkata,Netaji Subhas Chandra Bose International Airport,CCU,India
Kozhikode,Calicut International Airport,CCJ,India
Lucknow,Chaudhary Charan Singh Airport,LKO,India
Madurai,Madurai Airport,IXM,India
Mangaluru,Mangaluru International Airport,IXE,India
Mumbai,Chhatrapati Shivaji Maharaj International Airport,BOM,India
Navi Mumbai,Navi Mumbai International Airport,NMI,India
Nagpur,Dr. Babasaheb Ambedkar International Airport,NAG,India
Nashik,Nashik Airport,ISK,India
Pune,Pune Airport,PNQ,India
Ranchi,Birsa Munda Airport,IXR,India
Siliguri,Bagdogra International Airport,IXB,India
Srinagar,Srinagar Airport,SXR,India
Surat,Surat Airport,STV,India
Thiruvananthapuram,Trivandrum International Airport,TRV,India
Tiruchirappalli,Tiruchirappalli International Airport,TRZ,India
Tirupati,Tirupati International Airport,TIR,India
Vadodara,Vadodara Airport,BDQ,India
Varanasi,Lal Bahadur Shastri Airport,VNS,India
Vijayawada,Vijayawada International Airport,VGA,India
Visakhapatnam,Visakhapatnam International Airport,VTZ,India
Malé,Velana International Airport,MLE,Maldives
Addu City,Gan International Airport,GAN,Maldives
Hanimaadhoo,Hanimaadhoo International Airport,HAQ,Maldives
Maamigili,Villa International Airport Maamigili,VAM,Maldives
Maafaru,Maafaru International Airport,NMF,Maldives
Kathmandu,Tribhuvan International Airport,KTM,Nepal
Siddharthanagar,Gautam Buddha International Airport,BWA,Nepal
Pokhara,Pokhara Regional International Airport,PKR,Nepal
Bahawalpur,Bahawalpur Airport,BHV,Pakistan
Faisalabad,Faisalabad International Airport,LYP,Pakistan
Gwadar,Gwadar International Airport,GWD,Pakistan
Islamabad,Islamabad International Airport,ISB,Pakistan
Karachi,Jinnah International Airport,KHI,Pakistan
Lahore,Allama Iqbal International Airport,LHE,Pakistan
Multan,Multan International Airport,MUX,Pakistan
Peshawar,Bacha Khan International Airport,PEW,Pakistan
Quetta,Quetta International Airport,UET,Pakistan
Rahim Yar Khan,Shaikh Zayed International Airport,RYK,Pakistan
Sialkot,Sialkot International Airport,SKT,Pakistan
Turbat,Turbat International Airport,TUK,Pakistan
Batticaloa,Batticaloa International Airport,BTC,Sri Lanka
Colombo,Bandaranaike International Airport,CMB,Sri Lanka
Colombo,Ratmalana Airport,RML,Sri Lanka
Hambantota,Mattala Rajapaksa International Airport,HRI,Sri Lanka
Jaffna,Jaffna International Airport,JAF,Sri Lanka
Bandar Seri Begawan,Brunei International Airport,BWN,Brunei
Phnom Penh,Phnom Penh International Airport,PNH,Cambodia
Siem Reap,Siem Reap International Airport,REP,Cambodia
Sihanoukville,Sihanouk International Airport,KOS,Cambodia
Dili,Presidente Nicolau Lobato International Airport,DIL,East Timor
Balikpapan,Sultan Aji Muhammad Sulaiman Sepinggan International Airport,BPN,Indonesia
Banda Aceh,Sultan Iskandar Muda International Airport,BTJ,Indonesia
Bandung,Kertajati International Airport,KJT,Indonesia
Batam,Hang Nadim International Airport,BTH,Indonesia
Denpasar,I Gusti Ngurah Rai International Airport,DPS,Indonesia
Jakarta,Halim Perdanakusuma International Airport,HLP,Indonesia
Jakarta,Soekarno–Hatta International Airport,CGK,Indonesia
Jayapura,Dortheys Hiyo Eluay International Airport,DJJ,Indonesia
Labuan Bajo,Komodo International Airport,LBJ,Indonesia
Makassar,Sultan Hasanuddin International Airport,UPG,Indonesia
Manado,Sam Ratulangi International Airport,MDC,Indonesia
Mataram,Zainuddin Abdul Madjid International Airport,LOP,Indonesia
Medan,Kualanamu International Airport,KNO,Indonesia
Padang,Minangkabau International Airport,PDG,Indonesia
Pekanbaru,Sultan Syarif Kasim II International Airport,PKU,Indonesia
Surabaya,Juanda International Airport,SUB,Indonesia
Yogyakarta,Yogyakarta International Airport,YIA,Indonesia
Luang Prabang,Luang Prabang International Airport,LPQ,Laos
Pakse,Pakse International Airport,PKZ,Laos
Savannakhet,Savannakhet Airport,ZVK,Laos
Vientiane,Wattay International Airport,VTE,Laos
Alor Setar,Sultan Abdul Halim Airport,AOR,Malaysia
Ipoh,Sultan Azlan Shah Airport,IPH,Malaysia
Johor Bahru,Senai International Airport,JHB,Malaysia
Kota Bharu,Sultan Ismail Petra Airport,KBR,Malaysia
Kota Kinabalu,Kota Kinabalu International Airport,BKI,Malaysia
Kuala Lumpur,Kuala Lumpur International Airport,KUL,Malaysia
Kuala Lumpur,Sultan Abdul Aziz Shah Airport,SZB,Malaysia
Kuala Terengganu,Sultan Mahmud Airport,TGG,Malaysia
Kuantan,Sultan Haji Ahmad Shah Airport,KUA,Malaysia
Kuching,Kuching International Airport,KCH,Malaysia
Langkawi,Langkawi International Airport,LGK,Malaysia
Penang,Penang International Airport,PEN,Malaysia
Labuan,Labuan International Airport,LBU,Malaysia
Mandalay,Mandalay International Airport,MDL,Myanmar (Burma)
Yangon,Yangon International Airport,RGN,Myanmar (Burma)
Nay Pyi Taw,Naypyidaw International Airport,NYT,Myanmar (Burma)
Daraga,Bicol International Airport,DRP,Philippines
Cagayan,Cagayan North International Airport,LLC,Philippines
Lapu-Lapu City,Mactan–Cebu International Airport,CEB,Philippines
Angeles City,Clark International Airport,CRK,Philippines
Davao City,Francisco Bangoy International Airport,DVO,Philippines
General Santos,General Santos International Airport,GES,Philippines
Iloilo City,Iloilo International Airport,ILO,Philippines
Kalibo,Kalibo International Airport,KLO,Philippines
Laoag,Laoag International Airport,LAO,Philippines
Manila,Ninoy Aquino International Airport,MNL,Philippines
Panglao Island,Bohol–Panglao International Airport,TAG,Philippines
Puerto Princesa,Puerto Princesa International Airport,PPS,Philippines
Olongapo,Subic Bay International Airport,SFS,Philippines
Zamboanga City,Zamboanga International Airport,ZAM,Philippines
Singapore,Changi Airport,SIN,Singapore
Singapore,Seletar Airport,XSP,Singapore
Bangkok,Suvarnabhumi Airport,BKK,Thailand
Bangkok,Don Mueang International Airport,DMK,Thailand
Chiang Mai,Chiang Mai International Airport,CNX,Thailand
Chiang Rai,Chiang Rai International Airport,CEI,Thailand
Rayong/Pattaya,U-Tapao International Airport,UTP,Thailand
Hat Yai,Hat Yai International Airport,HDY,Thailand
Krabi,Krabi International Airport,KBV,Thailand
Phuket,Phuket International Airport,HKT,Thailand
Surat Thani,Surat Thani International Airport,URT,Thailand
Ko Samui,Samui Airport,USM,Thailand
Udon Thani,Udon Thani International Airport,UTH,Thailand
Đà Nẵng,Da Nang International Airport,DAD,Vietnam
Hà Nội,Noi Bai International Airport,HAN,Vietnam
Hồ Chí Minh City,Tan Son Nhat International Airport,SGN,Vietnam
Cần Thơ,Can Tho International Airport,VCA,Vietnam
Hải Phòng,Cat Bi International Airport,HPH,Vietnam
Huế,Phu Bai International Airport,HUI,Vietnam
Phú Quốc,Phu Quoc International Airport,PQC,Vietnam
Nha Trang,Cam Ranh International Airport,CXR,Vietnam
Quảng Nam,Chu Lai Airport,VCL,Vietnam
Vân Đồn,Van Don International Airport,VDO,Vietnam
Kabul,Kabul International Airport,KBL,Afghanistan
Herat,Herat International Airport,HEA,Afghanistan
Kandahar,Kandahar International Airport,KDH,Afghanistan
Mazar-i-Sharif,Mazar-i-Sharif International Airport,MZR,Afghanistan
Manama,Bahrain International Airport,BAH,Bahrain
Abadan,Abadan International Airport,ABD,Iran
Ahvaz,Ahvaz International Airport,AWZ,Iran
Arak,Arak International Airport,AJK,Iran
Ardabil,Ardabil Airport,ADU,Iran
Asaluyeh,Persian Gulf Airport,PGU,Iran
Bandar Abbas,Bandar Abbas International Airport,BND,Iran
Birjand,Birjand International Airport,XBJ,Iran
Bushehr,Bushehr Airport,BUZ,Iran
Gorgan,Gorgan International Airport,GBT,Iran
Hamadan,Hamadan International Airport,HDM,Iran
Ilam,Ilam Airport,IIL,Iran
Isfahan,Isfahan International Airport,IFN,Iran
Kerman,Ayatollah Hashemi Rafsanjani Airport,KER,Iran
Kermanshah,Shahid Ashrafi Esfahani Airport,KSH,Iran
Kish Island,Kish Airport,KIH,Iran
Konarak,Chabahar Konarak Airport,ZBR,Iran
Lamerd,Lamerd Airport,LFM,Iran
Lar,Larestan International Airport,LRR,Iran
Mashhad,Mashhad International Airport,MHD,Iran
Qeshm Island,Qeshm International Airport,GSM,Iran
Rasht,Rasht Airport,RAS,Iran
Sari,Dasht-e Naz Airport,SRY,Iran
Shiraz,Shiraz International Airport,SYZ,Iran
Tabriz,Tabriz International Airport,TBZ,Iran
Tehran,Imam Khomeini International Airport,IKA,Iran
Tehran,Mehrabad International Airport,THR,Iran
Urmia,Urmia Airport,OMH,Iran
Yazd,Shahid Sadooghi Airport,AZD,Iran
Zahedan,Zahedan Airport,ZAH,Iran
Al Najaf,Al Najaf International Airport,NJF,Iraq
Baghdad,Baghdad International Airport,BGW,Iraq
Basra,Basra International Airport,BSR,Iraq
Erbil,Erbil International Airport,EBL,Iraq
Mosul,Mosul International Airport,OSM,Iraq
Nasiriyah,Nasiriyah Airport,XNH,Iraq
Sulaymaniyah,Sulaimaniyah International Airport,ISU,Iraq
Eilat,Ramon Airport,ETM,Israel
Haifa,Haifa Airport,HFA,Israel
Tel Aviv,Ben Gurion Airport,TLV,Israel
Aqaba,King Hussein International Airport,AQJ,Jordan
Amman,Queen Alia International Airport,AMM,Jordan
Kuwait City,Kuwait International Airport,KWI,Kuwait
Beirut,Beirut–Rafic Hariri International Airport,BEY,Lebanon
Muscat,Muscat International Airport,MCT,Oman
Salalah,Salalah International Airport,SLL,Oman
Sohar,Sohar International Airport,OHS,Oman
Doha,Hamad International Airport,DOH,Qatar
Abha,Abha International Airport,AHB,Saudi Arabia
Al-Ahsa,Al-Ahsa International Airport,HOF,Saudi Arabia
Al-Jawf,Al Jouf Airport,AJF,Saudi Arabia
Buraydah,Prince Naif bin Abdulaziz International Airport,ELQ,Saudi Arabia
Dammam,King Fahd International Airport,DMM,Saudi Arabia
Ha'il,Ha'il International Airport,HAS,Saudi Arabia
Jeddah,King Abdulaziz International Airport,JED,Saudi Arabia
Jizan,Jizan Regional Airport,GIZ,Saudi Arabia
Medina,Prince Mohammad bin Abdulaziz International Airport,MED,Saudi Arabia
Najran,Najran Domestic Airport,EAM,Saudi Arabia
Riyadh,King Khalid International Airport,RUH,Saudi Arabia
Tabuk,Tabuk Regional Airport,TUU,Saudi Arabia
Ta'if,Ta'if Regional Airport,TIF,Saudi Arabia
Yanbu,Yanbu Airport,YNB,Saudi Arabia
Aleppo,Aleppo International Airport,ALP,Syria
Damascus,Damascus International Airport,DAM,Syria
Latakia,Bassel Al-Assad International Airport,LTK,Syria
Qamishli,Qamishli Airport,KAC,Syria
Abu Dhabi,Abu Dhabi International Airport,AUH,United Arab Emirates
Al Ain,Al Ain International Airport,AAN,United Arab Emirates
Dubai,Al Maktoum International Airport,DWC,United Arab Emirates
Dubai,Dubai International Airport,DXB,United Arab Emirates
Ras Al Khaimah,Ras Al Khaimah International Airport,RKT,United Arab Emirates
Sharjah,Sharjah International Airport,SHJ,United Arab Emirates
Aden,Aden International Airport,ADE,Yemen
Sanaa,Sanaa International Airport,SAH,Yemen
Seiyun,Seiyun Airport,GXF,Yemen
Socotra,Socotra Airport,SCT,Yemen
Birmingham,Birmingham Airport,BHX,England and Wales
Bournemouth,Bournemouth Airport,BOH,England and Wales
Bristol,Bristol Airport,BRS,England and Wales
Cardiff,Cardiff Airport,CWL,England and Wales
Nottingham,East Midlands Airport,EMA,England and Wales
Exeter,Exeter Airport,EXT,England and Wales
Hull,Humberside Airport,HUY,England and Wales
Leeds/Bradford,Leeds Bradford Airport,LBA,England and Wales
Liverpool,Liverpool John Lennon Airport,LPL,England and Wales
London,London City Airport,LCY,England and Wales
London,Gatwick Airport,LGW,England and Wales
London,Heathrow Airport,LHR,England and Wales
London,Luton Airport,LTN,England and Wales
London,London Southend Airport,SEN,England and Wales
London,London Stansted Airport,STN,England and Wales
Manchester,Manchester Airport,MAN,England and Wales
Newcastle upon Tyne,Newcastle International Airport,NCL,England and Wales
Newquay,Newquay Airport,NQY,England and Wales
Norwich,Norwich Airport,NWI,England and Wales
Southampton,Southampton Airport,SOU,England and Wales
Middlesbrough,Teesside International Airport,MME,England and Wales
Aberdeen,Aberdeen Airport,ABZ,Scotland
Edinburgh,Edinburgh Airport,EDI,Scotland
Glasgow,Glasgow Airport,GLA,Scotland
Glasgow,Glasgow Prestwick Airport,PIK,Scotland
Inverness,Inverness Airport,INV,Scotland
Belfast,Belfast International Airport,BFS,Northern Ireland
Belfast,George Best Belfast City Airport,BHD,Northern Ireland
Derry,City of Derry Airport,LDY,Northern Ireland
Antwerp,Antwerp International Airport,ANR,Belgium
Brussels,Brussels Airport,BRU,Belgium
Charleroi,Brussels South Charleroi Airport,CRL,Belgium
Liège,Liège Airport,LGG,Belgium
Ostend/Bruges,Ostend–Bruges International Airport,OST,Belgium
Ajaccio,Ajaccio Napoleon Bonaparte Airport,AJA,France
Bastia,Poretta Airport,BIA,France
Beauvais,Beauvais–Tillé Airport,BVA,France
Bergerac,Bergerac Dordogne Périgord Airport,EGC,France
Béziers,Béziers Cap d'Agde Airport,BZR,France
Biarritz,Biarritz Pays Basque Airport,BIQ,France
Bordeaux,Bordeaux–Mérignac Airport,BOD,France
Brest,Brest Bretagne Airport,BES,France
Carcassonne,Carcassonne Airport,CCF,France
Châlons-en-Champagne,Châlons Vatry Airport,XCR,France
Chambéry,Chambéry Airport,CMF,France
Dinard,Dinard–Pleurtuit–Saint-Malo Airport,DNR,France
Figari,Figari–Sud Corse Airport,FSC,France
Grenoble,Alpes–Isère Airport,GNB,France
La Rochelle,La Rochelle – Île de Ré Airport,LRH,France
Lille,Lille Airport,LIL,France
Limoges,Limoges – Bellegarde Airport,LIG,France
Lyon,Lyon–Saint-Exupéry Airport,LYS,France
Marseille,Marseille Provence Airport,MRS,France
Mulhouse,EuroAirport Basel Mulhouse Freiburg,BSL,France
Nantes,Nantes Atlantique Airport,NTE,France
Nice,Nice Côte d'Azur Airport,NCE,France
Nîmes,Nîmes–Alès–Camargue–Cévennes Airport,FNI,France
Paris,Charles de Gaulle Airport,CDG,France
Paris,Orly Airport,ORY,France
Pau,Pau Pyrénées Airport,PUF,France
Perpignan,Perpignan–Rivesaltes Airport,PGF,France
Poitiers,Poitiers–Biard Airport,PIS,France
Rodez,Rodez–Aveyron Airport,RDZ,France
Saint-Étienne,Saint-Étienne–Bouthéon Airport,EBU,France
Strasbourg,Strasbourg Airport,SXB,France
Toulon,Toulon–Hyères Airport,TLN,France
Toulouse,Toulouse–Blagnac Airport,TLS,France
Tours,Tours Val de Loire Airport,TUF,France
Gibraltar,Gibraltar International Airport,GIB,Gibraltar
Alderney,Alderney Airport,ACI,Guernsey
Saint Peter Port,Guernsey Airport,GCI,Guernsey
Cork,Cork Airport,ORK,Ireland
Dublin,Dublin Airport,DUB,Ireland
Kerry,Kerry Airport,KIR,Ireland
Knock,Ireland West Airport,NOC,Ireland
Shannon,Shannon Airport,SNN,Ireland
Douglas,Isle of Man Airport,IOM,Isle of Man
Saint Helier,Jersey Airport,JER,Jersey
Luxembourg City,Luxembourg Airport,LUX,Luxembourg
Amsterdam,Amsterdam Airport,AMS,Netherlands
Eindhoven,Eindhoven Airport,EIN,Netherlands
Groningen,Groningen Airport Eelde,GRQ,Netherlands
Maastricht,Maastricht Aachen Airport,MST,Netherlands
Rotterdam,Rotterdam The Hague Airport,RTM,Netherlands
Graz,Graz Airport,GRZ,Austria
Klagenfurt,Klagenfurt Airport,KLU,Austria
Innsbruck,Innsbruck Airport,INN,Austria
Linz,Linz Airport,LNZ,Austria
Salzburg,Salzburg Airport,SZG,Austria
Vienna,Vienna International Airport,VIE,Austria
Brno,Brno–Tuřany Airport,BRQ,Czech Republic
České Budějovice,České Budějovice Airport,JCL,Czech Republic
Karlovy Vary,Karlovy Vary Airport,KLV,Czech Republic
Ostrava,Leoš Janáček Airport,OSR,Czech Republic
Prague,Václav Havel Airport,PRG,Czech Republic
Pardubice,Pardubice Airport,PED,Czech Republic
Baden-Baden/Karlsruhe,Karlsruhe/Baden-Baden Airport,FKB,Germany
Berlin,Berlin Brandenburg Airport,BER,Germany
Bremen,Bremen Airport,BRE,Germany
Cologne/Bonn,Cologne/Bonn Airport,CGN,Germany
Dortmund,Dortmund Airport,DTM,Germany
Düsseldorf,Düsseldorf Airport,DUS,Germany
Frankfurt,Frankfurt Airport,FRA,Germany
Frankfurt,Frankfurt-Hahn Airport,HHN,Germany
Freiburg im Breisgau,EuroAirport Basel–Mulhouse–Freiburg,MLH/BSL/EAP,Germany
Friedrichshafen,Friedrichshafen Airport,FDH,Germany
Hamburg,Hamburg Airport,HAM,Germany
Hanover,Hannover Airport,HAJ,Germany
Leipzig,Leipzig/Halle Airport,LEJ,Germany
Lübeck,Lübeck Airport,LBC,Germany
Memmingen,Memmingen Airport,FMM,Germany
Munich,Munich Airport,MUC,Germany
Nuremberg,Nuremberg Airport,NUE,Germany
Stuttgart,Stuttgart Airport,STR,Germany
Weeze,Weeze Airport,NRN,Germany
Budapest,Budapest Ferenc Liszt International Airport,BUD,Hungary
Debrecen,Debrecen International Airport,DEB,Hungary
Hévíz,Hévíz-Balaton Airport,SOB,Hungary
Győr,Győr-Pér International Airport,QGY,Hungary
Pécs,Pécs-Pogány International Airport,QPJ,Hungary
Bydgoszcz,Bydgoszcz Ignacy Jan Paderewski Airport,BZG,Poland
Gdańsk,Gdańsk Lech Wałęsa Airport,GDN,Poland
Katowice,Katowice Airport,KTW,Poland
Kraków,Kraków John Paul II International Airport,KRK,Poland
Lublin,Lublin Airport,LUZ,Poland
Łódź,Łódź Władysław Reymont Airport,LCJ,Poland
Olsztyn,Olsztyn-Mazury Airport,SZY,Poland
Poznań,Poznań–Ławica Airport,POZ,Poland
Rzeszów,Rzeszów–Jasionka Airport,RZE,Poland
Szczecin,Solidarity Szczecin–Goleniów Airport,SZZ,Poland
Warsaw,Warsaw Chopin Airport,WAW,Poland
Warsaw,Warsaw Modlin Airport,WMI,Poland
Warsaw,Warsaw Radom Airport,RDO,Poland
Wrocław,Wrocław Airport,WRO,Poland
Bratislava,Bratislava Airport,BTS,Slovakia
Košice,Košice International Airport,KSC,Slovakia
Piešťany,Piešťany Airport,PZY,Slovakia
Poprad,Poprad-Tatry Airport,TAT,Slovakia
Žilina,Žilina Airport,ILZ,Slovakia
Basel,EuroAirport Basel Mulhouse Freiburg,BSL,Switzerland
Bern,Bern Airport,BRN,Switzerland
Geneva,Geneva Airport,GVA,Switzerland
Lugano,Lugano Airport,LUG,Switzerland
St. Gallen,St. Gallen–Altenrhein Airport,ACH,Switzerland
Zürich,Zurich Airport,ZRH,Switzerland
Brač,Brač Airport,BWK,Croatia
Dubrovnik,Dubrovnik Airport,DBV,Croatia
Mali Lošinj,Lošinj Airport,LSZ,Croatia
Osijek,Osijek Airport,OSI,Croatia
Pula,Pula Airport,PUY,Croatia
Rijeka,Rijeka Airport,RJK,Croatia
Split,Split Airport,SPU,Croatia
Zadar,Zadar Airport,ZAD,Croatia
Zagreb,Zagreb Airport,ZAG,Croatia
Larnaca,Larnaca International Airport,LCA,Cyprus
Paphos,Paphos International Airport,PFO,Cyprus
North Nicosia,Ercan International Airport,ECN,Cyprus
Athens,Athens International Airport,ATH,Greece
Cephalonia,Kefalonia Island International Airport,EFL,Greece
Chania,Chania International Airport,CHQ,Greece
Chios,Chios Island National Airport,JKH,Greece
Corfu,Corfu International Airport,CFU,Greece
Heraklion,Heraklion International Airport,HER,Greece
Kalamata,Kalamata International Airport,KLX,Greece
Karpathos,Karpathos Island National Airport,AOK,Greece
Kavala,Kavala International Airport,KVA,Greece
Kos,Kos International Airport,KGS,Greece
Mykonos,Mykonos Airport,JMK,Greece
Mytilene,Mytilene International Airport,MJT,Greece
Preveza,Aktion National Airport,PVK,Greece
Rhodes,Rhodes International Airport,RHO,Greece
Samos,Samos International Airport,SMI,Greece
Santorini,Santorini (Thira) International Airport,JTR,Greece
Skiathos,Skiathos International Airport,JSI,Greece
Skyros,Skyros Island National Airport,SKU,Greece
Thessaloniki,Thessaloniki Airport,SKG,Greece
Volos,Nea Anchialos National Airport,VOL,Greece
Zakynthos,Zakynthos International Airport,ZTH,Greece
Alghero,Fertilia Airport,AHO,Italy
Ancona,Ancona Airport,AOI,Italy
Bari,Palese Airport,BRI,Italy
Bergamo,Orio al Serio Airport,BGY,Italy
Bologna,Bologna Airport,BLQ,Italy
Brescia,Brescia Airport,VBS,Italy
Brindisi,Brindisi Airport,BDS,Italy
Cagliari,Cagliari Airport,CAG,Italy
Catania,Fontanarossa Airport,CTA,Italy
Cuneo,Cuneo Levaldigi Airport,CUF,Italy
Florence,Peretola Airport,FLR,Italy
Genoa,Cristoforo Colombo Airport,GOA,Italy
Lamezia,Lamezia Terme Airport,SUF,Italy
Milan,Linate Airport,LIN,Italy
Milan,Milan Malpensa Airport,MXP,Italy
Naples,Naples International Airport,NAP,Italy
Olbia,Costa Smeralda Airport,OLB,Italy
Palermo,Palermo Airport,PMO,Italy
Parma,Giuseppe Verdi Airport,PMF,Italy
Perugia,San Egidio Airport,PEG,Italy
Pescara,Abruzzo Airport,PSR,Italy
Pisa,Galileo Galilei Airport,PSA,Italy
Rimini,Federico Fellini Airport,RMI,Italy
Rome,Leonardo da Vinci–Fiumicino Airport,FCO,Italy
Rome,Rome Ciampino Airport,CIA,Italy
Trapani,Vincenzo Florio Airport,TPS,Italy
Trieste,Friuli Venezia Giulia Airport,TRS,Italy
Turin,Caselle Airport,TRN,Italy
Venice,Venice Marco Polo Airport,VCE,Italy
Verona,Verona Villafranca Airport,VRN,Italy
Ħal Luqa,Malta International Airport,MLA,Malta
Beja,Beja Airport,BYJ,Portugal
Faro,Faro Airport,FAO,Portugal
Funchal,Madeira Airport,FNC,Portugal
Porto Santo Island,Porto Santo Airport,PXO,Portugal
Lisbon,Lisbon Airport,LIS,Portugal
Porto,Francisco Sá Carneiro Airport,OPO,Portugal
Ponta Delgada,João Paulo II Airport,PDL,Portugal
Terceira Island,Lajes Airport,TER,Portugal
Ljubljana,Ljubljana Jože Pučnik Airport,LJU,Slovenia
Maribor,Maribor Edvard Rusjan Airport,MBX,Slovenia
Portorož,Portorož Airport,POW,Slovenia
A Coruña,A Coruña Airport,LCG,Spain
Alicante,Alicante–Elche Miguel Hernández Airport,ALC,Spain
Almería,Almería Airport,LEI,Spain
Asturias,Asturias Airport,OVD,Spain
Barcelona,Josep Tarradellas Barcelona–El Prat Airport,BCN,Spain
Bilbao,Bilbao Airport,BIO,Spain
Castellón de la Plana,Castellón–Costa Azahar Airport,CDT,Spain
Fuerteventura,Fuerteventura Airport,FUE,Spain
Girona,Girona-Costa Brava Airport,GRO,Spain
Gran Canaria,Gran Canaria Airport,LPA,Spain
Granada,Federico García Lorca Granada Airport,GRX,Spain
Huesca,Huesca-Pirineos Airport,HSK,Spain
Ibiza,Ibiza Airport,IBZ,Spain
Jerez de la Frontera,Jerez Airport,XRY,Spain
La Palma,La Palma Airport,SPC,Spain
Lanzarote,Lanzarote Airport,ACE,Spain
Lleida,Alguaire Airport,ILD,Spain
Madrid,Madrid-Barajas Airport,MAD,Spain
Málaga,Málaga Airport,AGP,Spain
Menorca,Menorca Airport,MAH,Spain
Murcia,Región de Murcia International Airport,RMU,Spain
Palma de Mallorca,Palma de Mallorca Airport,PMI,Spain
Pamplona,Pamplona Airport,PNA,Spain
Reus,Reus Airport,REU,Spain
Santander,Santander Airport,SDR,Spain
Santiago de Compostela,Santiago de Compostela Airport,SCQ,Spain
Seville,Seville Airport,SVQ,Spain
Tenerife,Tenerife North–Ciudad de La Laguna Airport,TFN,Spain
Tenerife,Tenerife South Airport,TFS,Spain
Valencia,Valencia Airport,VLC,Spain
Valladolid,Valladolid Airport,VLL,Spain
Vigo,Vigo–Peinador Airport,VGO,Spain
Vitoria-Gasteiz,Vitoria Airport,VIT,Spain
Zaragoza,Zaragoza Airport,ZAZ,Spain
Tirana,Tirana International Airport Nënë Tereza,TIA,Albania
Kukes,Kukës International Airport Zayed,KFZ,Albania
Yerevan,Zvartnots International Airport,EVN,Armenia
Gyumri,Shirak Airport,LWN,Armenia
Baku,Heydar Aliyev International Airport,GYD,Azerbaijan
Ganja,Ganja International Airport,KVD,Azerbaijan
Nakhchivan,Nakhchivan Airport,NAJ,Azerbaijan
Qabala,Qabala International Airport,GBB,Azerbaijan
Lankaran,Lankaran International Airport,LLK,Azerbaijan
Zaqatala,Zaqatala International Airport,ZTU,Azerbaijan
Grodno,Hrodna Airport,GNA,Belarus
Gomel,Gomel Airport,GME,Belarus
Minsk,Minsk International Airport,MSQ,Belarus
Banja Luka,Banja Luka International Airport,BNX,Bosnia and Herzegovina
Sarajevo,Sarajevo International Airport,SJJ,Bosnia and Herzegovina
Tuzla,Tuzla International Airport,TZL,Bosnia and Herzegovina
Mostar,Mostar International Airport,OMO,Bosnia and Herzegovina
Burgas,Burgas Airport,BOJ,Bulgaria
Plovdiv,Plovdiv Airport,PDV,Bulgaria
Sofia,Sofia Airport,SOF,Bulgaria
Varna,Varna Airport,VAR,Bulgaria
Batumi,Batumi International Airport,BUS,Georgia
Kutaisi,Kutaisi International Airport,KUT,Georgia
Sokhumi,Sukhumi Babushara Airport,SUI,Georgia
Tbilisi,Tbilisi International Airport,TBS,Georgia
Pristina,Pristina International Airport,PRN,Kosovo
Chişinău,Chișinău International Airport,KIV,Moldova
Arad,Arad International Airport,ARW,Romania
Bacau,George Enescu International Airport,BCM,Romania
Baia Mare,Maramureș Airport,BAY,Romania
Brașov,Brașov-Ghimbav International Airport,GHV,Romania
Bucharest,Henri Coandă International Airport,OTP,Romania
Bucharest,Aurel Vlaicu International Airport,BBU,Romania
Cluj-Napoca,Cluj-Napoca International Airport,CLJ,Romania
Constanța,Mihail Kogălniceanu International Airport,CND,Romania
Craiova,Craiova International Airport,CRA,Romania
Iași,Iași International Airport,IAS,Romania
Oradea,Oradea International Airport,OMR,Romania
Satu Mare,Satu Mare International Airport,SUJ,Romania
Sibiu,Sibiu International Airport,SBZ,Romania
Suceava,Suceava International Airport,SCV,Romania
Târgu Mureș,Târgu Mureș International Airport,TGM,Romania
Timișoara,Timișoara Traian Vuia International Airport,TSR,Romania
Podgorica,Podgorica Airport,TGD,Montenegro
Tivat,Tivat Airport,TIV,Montenegro
Ohrid,Ohrid St. Paul the Apostle Airport,OHD,North Macedonia
Skopje,Skopje International Airport,SKP,North Macedonia
Abakan,Abakan International Airport,ABA,Russia
Anadyr,Ugolny Airport,DYR,Russia
Anapa,Anapa Airport,AAQ,Russia
Arkhangelsk,Talagi Airport,ARH,Russia
Astrakhan,Narimanovo Airport,ASF,Russia
Barnaul,Barnaul Airport,BAX,Russia
Belgorod,Belgorod International Airport,EGO,Russia
Blagoveshchensk,Ignatyevo Airport,BQS,Russia
Bratsk,Bratsk Airport,BTK,Russia
Bryansk,Bryansk International Airport,BZK,Russia
Cheboksary,Cheboksary International Airport,CSY,Russia
Chelyabinsk,Chelyabinsk Airport,CEK,Russia
Cherepovets,Cherepovets Airport,CEE,Russia
Chita,Chita-Kadala International Airport,HTA,Russia
Elista,Elista Airport,ESL,Russia
Irkutsk,Irkutsk Airport,IKT,Russia
Grozny,Grozny Airport,GRV,Russia
Kaliningrad,Khrabrovo Airport,KGD,Russia
Kazan,Kazan Airport,KZN,Russia
Khabarovsk,Khabarovsk Novy Airport,KHV,Russia
Komsomolsk-on-Amur,Komsomolsk-on-Amur Airport,KXK,Russia
Krasnodar,Pashkovsky Airport,KRR,Russia
Krasnoyarsk,Yemelyanovo International Airport,KJA,Russia
Kursk,Kursk Vostochny Airport,URS,Russia
Magadan,Sokol Airport,GDX,Russia
Magnitogorsk,Magnitogorsk International Airport,MQF,Russia
Makhachkala,Uytash Airport,MCX,Russia
Mineralnye Vody,Mineralnye Vody Airport,MRV,Russia
Moscow,Domodedovo International Airport,DME,Russia
Moscow,Zhukovsky International Airport,ZIA,Russia
Moscow,Sheremetyevo International Airport,SVO,Russia
Moscow,Vnukovo Airport,VKO,Russia
Murmansk,Murmansk Airport,MMK,Russia
Nalchik,Nalchik Airport,NAL,Russia
Nizhnevartovsk,Nizhnevartovsk Airport,NJC,Russia
Nizhnekamsk,Begishevo Airport,NBC,Russia
Nizhny Novgorod,Strigino Airport,GOJ,Russia
Novokuznetsk,Spichenkovo Airport,NOZ,Russia
Novosibirsk,Tolmachevo Airport,OVB,Russia
Omsk,Omsk Tsentralny Airport,OMS,Russia
Orenburg,Orenburg Tsentralny Airport,REN,Russia
Orsk,Orsk Airport,OSW,Russia
Perm,Perm International Airport,PEE,Russia
Petrozavodsk,Petrozavodsk Airport,PES,Russia
Provideniya,Provideniya Bay Airport,PVS,Russia
Petropavlovsk-Kamchatsky,Yelizovo Airport,PKC,Russia
Pskov,Pskov Airport,PKV,Russia
Rostov-on-Don,Platov International Airport,ROV,Russia
Saint Petersburg,Pulkovo Airport,LED,Russia
Samara,Samara Kurumoch Airport,KUF,Russia
Saratov,Saratov Gagarin Airport,GSV,Russia
Sochi,Sochi International Airport,AER,Russia
Stavropol,Stavropol Shpakovskoye Airport,STW,Russia
Surgut,Surgut International Airport,SGC,Russia
Syktyvkar,Syktyvkar Airport,SCW,Russia
Tomsk,Bogashevo Airport,TOF,Russia
Tyumen,Roshchino International Airport,TJM,Russia
Ulan-Ude,Baikal International Airport,UUD,Russia
Ulyanovsk,Ulyanovsk Baratayevka Airport,ULV,Russia
Ufa,Ufa International Airport,UFA,Russia
Vladivostok,Vladivostok International Airport,VVO,Russia
Vladikavkaz,Beslan Airport,OGZ,Russia
Volgograd,Volgograd International Airport,VOG,Russia
Voronezh,Voronezh International Airport,VOZ,Russia
Yakutsk,Yakutsk Airport,YKS,Russia
Yaroslavl,Tunoshna Airport,IAR,Russia
Yekaterinburg,Koltsovo International Airport,SVX,Russia
Yuzhno-Sakhalinsk,Yuzhno-Sakhalinsk Airport,UUS,Russia
Belgrade,Belgrade Nikola Tesla Airport,BEG,Serbia
Niš,Niš Constantine the Great Airport,INI,Serbia
Kraljevo,Morava Airport,KVO,Serbia
Adana,Şakirpaşa Airport,ADA,Turkey
Alanya,Gazipaşa Airport,GZP,Turkey
Ankara,Esenboğa International Airport,ESB,Turkey
Antalya,Antalya Airport,AYT,Turkey
Bodrum,Milas–Bodrum Airport,BJV,Turkey
Bursa,Yenişehir Airport,YEI,Turkey
Dalaman,Dalaman Airport,DLM,Turkey
Denizli,Denizli Çardak Airport,DNZ,Turkey
Diyarbakır,Diyarbakır Airport,DIY,Turkey
Elazığ,Elazığ Airport,EZS,Turkey
Gaziantep,Oğuzeli Airport,GZT,Turkey
Istanbul,Istanbul Airport,IST,Turkey
Istanbul,Sabiha Gökçen International Airport,SAW,Turkey
İzmir,Adnan Menderes Airport,ADB,Turkey
Kayseri,Erkilet Airport,ASR,Turkey
Konya,Konya Airport,KYA,Turkey
Kütahya,Zafer Airport,KZR,Turkey
Malatya,Erhaç Airport,MLX,Turkey
Nevşehir,Kapadokya Airport,NAV,Turkey
Samsun,Samsun-Çarşamba Airport,SZF,Turkey
Trabzon,Trabzon Airport,TZX,Turkey
Zonguldak,Zonguldak Airport,ONQ,Turkey
Chernivtsi,Chernivtsi International Airport,CWC,Ukraine
Ivano-Frankivsk,Ivano-Frankivsk International Airport,IFO,Ukraine
Kharkiv,Kharkiv International Airport,HRK,Ukraine
Kryvyi Rih,Kryvyi Rih International Airport,KWG,Ukraine
Kyiv,Boryspil International Airport,KBP,Ukraine
Kyiv,Kyiv International Airport,IEV,Ukraine
Lviv,Lviv Danylo Halytskyi International Airport,LWO,Ukraine
Mykolaiv,Mykolaiv International Airport,NLV,Ukraine
Odesa,Odesa International Airport,ODS,Ukraine
Poltava,Poltava Airport,PLV,Ukraine
Simferopol,Simferopol International Airport,SIP,Ukraine
Uzhhorod,Uzhhorod International Airport,UDJ,Ukraine
Zaporizhzhia,Zaporizhzhia International Airport,OZH,Ukraine
Aalborg,Aalborg Airport,AAL,Denmark
Aarhus,Aarhus Airport,AAR,Denmark
Billund,Billund Airport,BLL,Denmark
Copenhagen,Copenhagen Airport,CPH,Denmark
Tallinn,Lennart Meri Tallinn Airport,TLL,Estonia
Tartu,Tartu Airport,TAY,Estonia
Pärnu,Pärnu Airport,EPU,Estonia
Vágar,Vágar Airport,FAE,Faroe Islands
Åland,Mariehamn Airport,MHQ,Finland
Helsinki,Helsinki-Vantaa Airport,HEL,Finland
Kittilä,Kittilä Airport,KTT,Finland
Kuopio,Kuopio Airport,KUO,Finland
Kuusamo,Kuusamo Airport,KAO,Finland
Lappeenranta,Lappeenranta Airport,LPP,Finland
Oulu,Oulu Airport,OUL,Finland
Rovaniemi,Rovaniemi Airport,RVN,Finland
Savonlinna,Savonlinna Airport,SVL,Finland
Tampere,Tampere–Pirkkala Airport,TMP,Finland
Turku,Turku Airport,TKU,Finland
Vaasa,Vaasa Airport,VAA,Finland
Akureyri,Akureyri Airport,AEY,Iceland
Egilsstaðir,Egilsstaðir Airport,EGS,Iceland
Reykjavík,Keflavik International Airport,KEF,Iceland
Reykjavík,Reykjavík Airport,RKV,Iceland
Riga,Riga International Airport,RIX,Latvia
Ventspils,Ventspils International Airport,VNT,Latvia
Kaunas,Kaunas Airport,KUN,Lithuania
Palanga,Palanga International Airport,PLQ,Lithuania
Šiauliai,Šiauliai International Airport,SQQ,Lithuania
Vilnius,Vilnius Airport,VNO,Lithuania
Ålesund,Ålesund Airport,AES,Norway
Bergen,Bergen Airport,BGO,Norway
Bodø,Bodø Airport,BOO,Norway
Haugesund,Haugesund Airport,HAU,Norway
Kristiansand,"Kristiansand Airport, Kjevik",KRS,Norway
Kristiansund,"Kristiansund Airport, Kvernberget",KSU,Norway
Oslo,"Oslo Airport, Gardermoen",OSL,Norway
Oslo,"Sandefjord Airport, Torp",TRF,Norway
Stavanger,Stavanger Airport,SVG,Norway
Tromsø,Tromsø Airport,TOS,Norway
Trondheim,Trondheim Airport,TRD,Norway
Gothenburg,Göteborg Landvetter Airport,GOT,Sweden
Luleå,Luleå Airport,LLA,Sweden
Malmö,Malmö Airport,MMX,Sweden
Norrköping,Norrköping Airport,NRK,Sweden
Östersund,Åre Östersund Airport,OSD,Sweden
Stockholm,Stockholm Arlanda Airport,ARN,Sweden
Stockholm,Stockholm Bromma Airport,BMA,Sweden
Stockholm,Stockholm Skavsta Airport,NYO,Sweden
Stockholm,Stockholm Västerås Airport,VST,Sweden
Sundsvall,Sundsvall–Timrå Airport,SDL,Sweden
Umeå,Umeå Airport,UME,Sweden
Växjö,Växjö Airport,VXO,Sweden
Visby,Visby Airport,VBY,Sweden
